{
  "key": {
    "A": {
      "ingredient": {
        "tag": "c:rods/wooden"
      },
      "block_type": "minecraft:wood_type",
      "from": "minecraft:oak",
      "to": "hexerei:mahogany",
      "type": "moonlight:block_type_swap"
    },
    "B": {
      "ingredient": {
        "item": "minecraft:oak_planks"
      },
      "block_type": "minecraft:wood_type",
      "from": "minecraft:oak",
      "to": "hexerei:mahogany",
      "type": "moonlight:block_type_swap"
    },
    "C": {
      "ingredient": {
        "item": "minecraft:hay_block"
      },
      "block_type": "minecraft:wood_type",
      "from": "minecraft:oak",
      "to": "hexerei:mahogany",
      "type": "moonlight:block_type_swap"
    }
  },
  "pattern": [
    "A  ",
    "BCC",
    "A A"
  ],
  "result": {
    "id": "everycomp:vf/hexerei/hay_mahogany_chair",
    "count": 2
  },
  "group": "valhelsia_furniture:hayChair",
  "category": "misc",
  "type": "minecraft:crafting_shaped"
}