{
  "key": {
    "A": {
      "ingredient": {
        "item": "minecraft:calcite"
      },
      "block_type": "minecraft:wood_type",
      "from": "minecraft:acacia",
      "to": "deep_aether:yagroot",
      "type": "moonlight:block_type_swap"
    },
    "B": {
      "ingredient": {
        "item": "minecraft:acacia_planks"
      },
      "block_type": "minecraft:wood_type",
      "from": "minecraft:acacia",
      "to": "deep_aether:yagroot",
      "type": "moonlight:block_type_swap"
    },
    "C": {
      "ingredient": {
        "tag": "handcrafted:chests"
      },
      "block_type": "minecraft:wood_type",
      "from": "minecraft:acacia",
      "to": "deep_aether:yagroot",
      "type": "moonlight:block_type_swap"
    }
  },
  "pattern": [
    "AAA",
    "BCB"
  ],
  "result": {
    "id": "everycomp:hc/deep_aether/yagroot_counter",
    "count": 3
  },
  "category": "misc",
  "type": "minecraft:crafting_shaped"
}