{
  "key": {
    "A": {
      "ingredient": {
        "item": "minecraft:oak_slab"
      },
      "block_type": "minecraft:wood_type",
      "from": "minecraft:oak",
      "to": "aether:skyroot",
      "type": "moonlight:block_type_swap"
    },
    "B": {
      "ingredient": {
        "item": "minecraft:oak_planks"
      },
      "block_type": "minecraft:wood_type",
      "from": "minecraft:oak",
      "to": "aether:skyroot",
      "type": "moonlight:block_type_swap"
    },
    "C": {
      "ingredient": {
        "tag": "handcrafted:chests"
      },
      "block_type": "minecraft:wood_type",
      "from": "minecraft:oak",
      "to": "aether:skyroot",
      "type": "moonlight:block_type_swap"
    }
  },
  "pattern": [
    "AAA",
    "BCB",
    "B B"
  ],
  "result": {
    "id": "everycomp:hc/aether/skyroot_side_table",
    "count": 2
  },
  "category": "misc",
  "type": "minecraft:crafting_shaped"
}