{
  "key": {
    "A": {
      "ingredient": {
        "tag": "c:rods/wooden"
      },
      "block_type": "minecraft:wood_type",
      "from": "minecraft:oak",
      "to": "artistry:aspen",
      "type": "moonlight:block_type_swap"
    },
    "B": {
      "ingredient": {
        "item": "minecraft:oak_planks"
      },
      "block_type": "minecraft:wood_type",
      "from": "minecraft:oak",
      "to": "artistry:aspen",
      "type": "moonlight:block_type_swap"
    }
  },
  "pattern": [
    "A  ",
    "BBB",
    "A A"
  ],
  "result": {
    "id": "everycomp:vf/artistry/aspen_chair",
    "count": 2
  },
  "group": "valhelsia_furniture:chair",
  "category": "misc",
  "type": "minecraft:crafting_shaped"
}