{
  "group": "wooden_trapped_chest",
  "category": "redstone",
  "result": {
    "id": "everycomp:abnww/nomansland/trapped_willow_chest",
    "count": 1
  },
  "ingredients": [
    {
      "ingredient": {
        "item": "woodworks:oak_chest"
      },
      "block_type": "minecraft:wood_type",
      "from": "minecraft:oak",
      "to": "nomansland:willow",
      "type": "moonlight:block_type_swap"
    },
    {
      "ingredient": {
        "item": "minecraft:tripwire_hook"
      },
      "block_type": "minecraft:wood_type",
      "from": "minecraft:oak",
      "to": "nomansland:willow",
      "type": "moonlight:block_type_swap"
    }
  ],
  "type": "minecraft:crafting_shapeless"
}