{
  "key": {
    "A": {
      "ingredient": {
        "item": "minecraft:oak_planks"
      },
      "block_type": "minecraft:wood_type",
      "from": "minecraft:oak",
      "to": "hexerei:mahogany",
      "type": "moonlight:block_type_swap"
    },
    "B": {
      "ingredient": {
        "item": "minecraft:oak_slab"
      },
      "block_type": "minecraft:wood_type",
      "from": "minecraft:oak",
      "to": "hexerei:mahogany",
      "type": "moonlight:block_type_swap"
    }
  },
  "pattern": [
    "AAA",
    "BBB",
    "A A"
  ],
  "result": {
    "id": "everycomp:hc/hexerei/mahogany_bench",
    "count": 2
  },
  "category": "misc",
  "type": "minecraft:crafting_shaped"
}