{
  "parent": "minecraft:block/cube",
  "textures": {
    "down": "everycomp:block/hc/arts_and_crafts/drawer/cork/drawer_bottom",
    "east": "everycomp:block/hc/arts_and_crafts/drawer/cork/drawer_side_left",
    "north": "everycomp:block/hc/arts_and_crafts/drawer/cork/front_2/drawer_left",
    "particle": "arts_and_crafts:block/cork_planks",
    "south": "everycomp:block/hc/arts_and_crafts/drawer/cork/drawer_back",
    "up": "everycomp:block/hc/arts_and_crafts/drawer/cork/drawer_top",
    "west": "everycomp:block/hc/arts_and_crafts/drawer/cork/drawer_side_right"
  }
}