{
  "key": {
    "A": {
      "ingredient": {
        "item": "create:small_andesite_bricks"
      },
      "block_type": "minecraft:stone_type",
      "from": "minecraft:andesite",
      "to": "dndecor:cut_stone",
      "type": "moonlight:block_type_swap"
    }
  },
  "pattern": [
    "A  ",
    "AA ",
    "AAA"
  ],
  "result": {
    "id": "stonezone:c/dndecor/small_cut_stone_brick_stairs",
    "count": 4
  },
  "group": "small_andesite_brick_stairs",
  "category": "building",
  "type": "minecraft:crafting_shaped"
}