{
  "key": {
    "A": {
      "ingredient": {
        "item": "minecraft:spruce_planks"
      },
      "block_type": "minecraft:wood_type",
      "from": "minecraft:spruce",
      "to": "hexerei:willow",
      "type": "moonlight:block_type_swap"
    },
    "B": {
      "ingredient": {
        "item": "minecraft:honeycomb"
      },
      "block_type": "minecraft:wood_type",
      "from": "minecraft:spruce",
      "to": "hexerei:willow",
      "type": "moonlight:block_type_swap"
    }
  },
  "pattern": [
    "AAA",
    "BBB",
    "AAA"
  ],
  "result": {
    "id": "everycomp:abnww/hexerei/willow_beehive",
    "count": 1
  },
  "group": "wooden_beehive",
  "category": "misc",
  "type": "minecraft:crafting_shaped"
}