{
  "key": {
    "A": {
      "ingredient": {
        "tag": "handcrafted:cushions"
      },
      "block_type": "minecraft:wood_type",
      "from": "minecraft:oak",
      "to": "enderscape:celestial",
      "type": "moonlight:block_type_swap"
    },
    "B": {
      "ingredient": {
        "tag": "handcrafted:sheets"
      },
      "block_type": "minecraft:wood_type",
      "from": "minecraft:oak",
      "to": "enderscape:celestial",
      "type": "moonlight:block_type_swap"
    },
    "C": {
      "ingredient": {
        "item": "minecraft:oak_planks"
      },
      "block_type": "minecraft:wood_type",
      "from": "minecraft:oak",
      "to": "enderscape:celestial",
      "type": "moonlight:block_type_swap"
    },
    "D": {
      "ingredient": {
        "tag": "minecraft:wool"
      },
      "block_type": "minecraft:wood_type",
      "from": "minecraft:oak",
      "to": "enderscape:celestial",
      "type": "moonlight:block_type_swap"
    }
  },
  "pattern": [
    " AB",
    "CDD",
    "CCC"
  ],
  "result": {
    "id": "everycomp:hc/enderscape/celestial_fancy_bed",
    "count": 1
  },
  "category": "misc",
  "type": "minecraft:crafting_shaped"
}