{
  "key": {
    "A": {
      "ingredient": {
        "item": "create:polished_cut_andesite"
      },
      "block_type": "minecraft:stone_type",
      "from": "minecraft:andesite",
      "to": "arts_and_crafts:soapstone",
      "type": "moonlight:block_type_swap"
    }
  },
  "pattern": [
    "AAA"
  ],
  "result": {
    "id": "stonezone:c/arts_and_crafts/polished_cut_soapstone_slab",
    "count": 6
  },
  "group": "polished_cut_andesite_slab",
  "category": "building",
  "type": "minecraft:crafting_shaped"
}