{
  "type": "minecraft:block",
  "pools": [
    {
      "bonus_rolls": 0.0,
      "entries": [
        {
          "type": "minecraft:item",
          "conditions": [
            {
              "condition": "minecraft:match_tool",
              "predicate": {
                "items": "#c:tools/shear"
              }
            }
          ],
          "functions": [
            {
              "add": true,
              "conditions": [
                {
                  "block": "everycomp:abnww/hexerei/mahogany_leaf_pile",
                  "condition": "minecraft:block_state_property",
                  "properties": {
                    "down": "true"
                  }
                }
              ],
              "count": 1.0,
              "function": "minecraft:set_count"
            },
            {
              "add": true,
              "conditions": [
                {
                  "block": "everycomp:abnww/hexerei/mahogany_leaf_pile",
                  "condition": "minecraft:block_state_property",
                  "properties": {
                    "up": "true"
                  }
                }
              ],
              "count": 1.0,
              "function": "minecraft:set_count"
            },
            {
              "add": true,
              "conditions": [
                {
                  "block": "everycomp:abnww/hexerei/mahogany_leaf_pile",
                  "condition": "minecraft:block_state_property",
                  "properties": {
                    "north": "true"
                  }
                }
              ],
              "count": 1.0,
              "function": "minecraft:set_count"
            },
            {
              "add": true,
              "conditions": [
                {
                  "block": "everycomp:abnww/hexerei/mahogany_leaf_pile",
                  "condition": "minecraft:block_state_property",
                  "properties": {
                    "south": "true"
                  }
                }
              ],
              "count": 1.0,
              "function": "minecraft:set_count"
            },
            {
              "add": true,
              "conditions": [
                {
                  "block": "everycomp:abnww/hexerei/mahogany_leaf_pile",
                  "condition": "minecraft:block_state_property",
                  "properties": {
                    "west": "true"
                  }
                }
              ],
              "count": 1.0,
              "function": "minecraft:set_count"
            },
            {
              "add": true,
              "conditions": [
                {
                  "block": "everycomp:abnww/hexerei/mahogany_leaf_pile",
                  "condition": "minecraft:block_state_property",
                  "properties": {
                    "east": "true"
                  }
                }
              ],
              "count": 1.0,
              "function": "minecraft:set_count"
            },
            {
              "add": true,
              "count": -1.0,
              "function": "minecraft:set_count"
            },
            {
              "function": "minecraft:explosion_decay"
            }
          ],
          "name": "everycomp:abnww/hexerei/mahogany_leaf_pile"
        }
      ],
      "rolls": 1.0
    }
  ],
  "random_sequence": "woodworks:blocks/oak_leaf_pile"
}