{
  "feature": {
    "type": "minecraft:random_selector",
    "config": {
      "features": [
        {
          "chance": 0.5,
          "feature": "blooming_biosphere:swamp/mud_patch"
        },
        {
          "chance": 0.45,
          "feature": "blooming_biosphere:swamp/wet_mud_patch"
        }
      ],
      "default": "blooming_biosphere:blank"
    }
  },
  "placement": [
    {
      "type": "minecraft:count",
      "count": {
        "type": "minecraft:weighted_list",
        "distribution": [
          {
            "weight": 4,
            "data": 3
          },
          {
            "weight": 4,
            "data": 5
          },
          {
            "weight": 1,
            "data": 11
          }
        ]
      }
    },
    {
      "type": "minecraft:in_square"
    },
    {
      "type": "minecraft:surface_water_depth_filter",
      "max_water_depth": 0
    },
    {
      "type": "minecraft:heightmap",
      "heightmap": "OCEAN_FLOOR"
    },
    {
      "type": "minecraft:biome"
    }
  ]
}
