{
  "parent": "minecraft:block/cube",
  "textures": {
    "down": "everycomp:block/hc/nomansland/drawer/pine/drawer_bottom",
    "east": "everycomp:block/hc/nomansland/drawer/pine/drawer_side_left",
    "north": "everycomp:block/hc/nomansland/drawer/pine/front_2/drawer_middle",
    "particle": "nomansland:block/pine/pine_planks",
    "south": "everycomp:block/hc/nomansland/drawer/pine/drawer_back",
    "up": "everycomp:block/hc/nomansland/drawer/pine/drawer_top",
    "west": "everycomp:block/hc/nomansland/drawer/pine/drawer_side_right"
  }
}