{
  "parent": "minecraft:block/cube",
  "textures": {
    "down": "everycomp:block/hc/nomansland/drawer/walnut/drawer_bottom",
    "east": "everycomp:block/hc/nomansland/drawer/walnut/drawer_side_left",
    "north": "everycomp:block/hc/nomansland/drawer/walnut/front_4/drawer",
    "particle": "nomansland:block/walnut/walnut_planks",
    "south": "everycomp:block/hc/nomansland/drawer/walnut/drawer_back",
    "up": "everycomp:block/hc/nomansland/drawer/walnut/drawer_top",
    "west": "everycomp:block/hc/nomansland/drawer/walnut/drawer_side_right"
  }
}