{
  "type": "minecraft:disk",
  "config": {
    "state_provider": {
      "fallback": {
        "type": "minecraft:simple_state_provider",
        "state": {
          "Name": "minecraft:terracotta"
        }
      },
      "rules": []
    },
    "target": {
      "type": "minecraft:all_of",
      "predicates": [
        {
          "type": "minecraft:solid"
        },
        {
          "type": "minecraft:matching_blocks",
          "offset": [
            0,
            0,
            0
          ],
          "blocks": [
            "minecraft:grass_block",
            "minecraft:coarse_dirt"
          ]
        },
        {
          "type": "minecraft:true"
        }
      ]
    },
    "radius": {
      "type": "minecraft:uniform",
        "min_inclusive": 3,
        "max_inclusive": 6
    },
    "half_height": 1
  }
}
