{
  "key": {
    "A": {
      "ingredient": {
        "item": "minecraft:oak_planks"
      },
      "block_type": "minecraft:wood_type",
      "from": "minecraft:oak",
      "to": "hexerei:willow",
      "type": "moonlight:block_type_swap"
    },
    "B": {
      "ingredient": {
        "item": "minecraft:oak_slab"
      },
      "block_type": "minecraft:wood_type",
      "from": "minecraft:oak",
      "to": "hexerei:willow",
      "type": "moonlight:block_type_swap"
    },
    "C": {
      "ingredient": {
        "tag": "c:rods/wooden"
      },
      "block_type": "minecraft:wood_type",
      "from": "minecraft:oak",
      "to": "hexerei:willow",
      "type": "moonlight:block_type_swap"
    }
  },
  "pattern": [
    "AAA",
    "ABA",
    "C C"
  ],
  "result": {
    "id": "everycomp:vf/hexerei/willow_desk_drawer",
    "count": 1
  },
  "group": "valhelsia_furniture:desk_drawer",
  "category": "misc",
  "type": "minecraft:crafting_shaped"
}