{
  "category": "building",
  "result": {
    "id": "stonezone:c/deep_aether/cut_clorite",
    "count": 1
  },
  "ingredients": [
    {
      "ingredient": {
        "item": "create:cut_andesite_slab"
      },
      "block_type": "minecraft:stone_type",
      "from": "minecraft:andesite",
      "to": "deep_aether:clorite",
      "type": "moonlight:block_type_swap"
    },
    {
      "ingredient": {
        "item": "create:cut_andesite_slab"
      },
      "block_type": "minecraft:stone_type",
      "from": "minecraft:andesite",
      "to": "deep_aether:clorite",
      "type": "moonlight:block_type_swap"
    }
  ],
  "type": "minecraft:crafting_shapeless"
}