{
  "key": {
    "A": {
      "ingredient": {
        "item": "minecraft:acacia_planks"
      },
      "block_type": "minecraft:wood_type",
      "from": "minecraft:acacia",
      "to": "deep_aether:roseroot",
      "type": "moonlight:block_type_swap"
    },
    "B": {
      "ingredient": {
        "item": "minecraft:book"
      },
      "block_type": "minecraft:wood_type",
      "from": "minecraft:acacia",
      "to": "deep_aether:roseroot",
      "type": "moonlight:block_type_swap"
    }
  },
  "pattern": [
    "AAA",
    "BBB",
    "AAA"
  ],
  "result": {
    "id": "everycomp:abnww/deep_aether/roseroot_bookshelf",
    "count": 1
  },
  "group": "wooden_bookshelf",
  "category": "building",
  "type": "minecraft:crafting_shaped"
}