{
  "key": {
    "A": {
      "ingredient": {
        "tag": "minecraft:wool"
      },
      "block_type": "minecraft:wood_type",
      "from": "minecraft:oak",
      "to": "arts_and_crafts:cork",
      "type": "moonlight:block_type_swap"
    },
    "B": {
      "ingredient": {
        "tag": "handcrafted:cushions"
      },
      "block_type": "minecraft:wood_type",
      "from": "minecraft:oak",
      "to": "arts_and_crafts:cork",
      "type": "moonlight:block_type_swap"
    },
    "C": {
      "ingredient": {
        "item": "minecraft:oak_planks"
      },
      "block_type": "minecraft:wood_type",
      "from": "minecraft:oak",
      "to": "arts_and_crafts:cork",
      "type": "moonlight:block_type_swap"
    }
  },
  "pattern": [
    "ABA",
    "CCC"
  ],
  "result": {
    "id": "everycomp:hc/arts_and_crafts/cork_couch",
    "count": 2
  },
  "category": "misc",
  "type": "minecraft:crafting_shaped"
}