{
  "variants": {
    "attached=false,axis=x": {
      "model": "everycomp:block/vs/deep_aether/conberry_post",
      "x": 90,
      "y": 90
    },
    "attached=false,axis=y": {
      "model": "everycomp:block/vs/deep_aether/conberry_post",
      "x": 0,
      "y": 0
    },
    "attached=false,axis=z": {
      "model": "everycomp:block/vs/deep_aether/conberry_post",
      "x": 90,
      "y": 0
    },
    "attached=true,axis=x": {
      "model": "everycomp:block/vs/deep_aether/conberry_post_attached",
      "x": 90,
      "y": 90
    },
    "attached=true,axis=y": {
      "model": "everycomp:block/vs/deep_aether/conberry_post_attached",
      "x": 0,
      "y": 0
    },
    "attached=true,axis=z": {
      "model": "everycomp:block/vs/deep_aether/conberry_post_attached",
      "x": 90,
      "y": 0
    }
  }
}