{
  "variants": {
    "attached=false,facing=down,parts=1": {
      "model": "everycomp:block/vs/deep_aether/cut_stripped_sunroot_post_1",
      "x": 180,
      "y": 0
    },
    "attached=false,facing=down,parts=2": {
      "model": "everycomp:block/vs/deep_aether/cut_stripped_sunroot_post_2",
      "x": 180,
      "y": 0
    },
    "attached=false,facing=down,parts=3": {
      "model": "everycomp:block/vs/deep_aether/cut_stripped_sunroot_post_3",
      "x": 180,
      "y": 0
    },
    "attached=false,facing=down,parts=4": {
      "model": "everycomp:block/vs/deep_aether/cut_stripped_sunroot_post",
      "x": 180,
      "y": 0
    },
    "attached=false,facing=east,parts=1": {
      "model": "everycomp:block/vs/deep_aether/cut_stripped_sunroot_post_1",
      "x": 90,
      "y": 90
    },
    "attached=false,facing=east,parts=2": {
      "model": "everycomp:block/vs/deep_aether/cut_stripped_sunroot_post_2",
      "x": 90,
      "y": 90
    },
    "attached=false,facing=east,parts=3": {
      "model": "everycomp:block/vs/deep_aether/cut_stripped_sunroot_post_3",
      "x": 90,
      "y": 90
    },
    "attached=false,facing=east,parts=4": {
      "model": "everycomp:block/vs/deep_aether/cut_stripped_sunroot_post",
      "x": 90,
      "y": 90
    },
    "attached=false,facing=north,parts=1": {
      "model": "everycomp:block/vs/deep_aether/cut_stripped_sunroot_post_1",
      "x": 90,
      "y": 0
    },
    "attached=false,facing=north,parts=2": {
      "model": "everycomp:block/vs/deep_aether/cut_stripped_sunroot_post_2",
      "x": 90,
      "y": 0
    },
    "attached=false,facing=north,parts=3": {
      "model": "everycomp:block/vs/deep_aether/cut_stripped_sunroot_post_3",
      "x": 90,
      "y": 0
    },
    "attached=false,facing=north,parts=4": {
      "model": "everycomp:block/vs/deep_aether/cut_stripped_sunroot_post",
      "x": 90,
      "y": 0
    },
    "attached=false,facing=south,parts=1": {
      "model": "everycomp:block/vs/deep_aether/cut_stripped_sunroot_post_1",
      "x": 90,
      "y": 180
    },
    "attached=false,facing=south,parts=2": {
      "model": "everycomp:block/vs/deep_aether/cut_stripped_sunroot_post_2",
      "x": 90,
      "y": 180
    },
    "attached=false,facing=south,parts=3": {
      "model": "everycomp:block/vs/deep_aether/cut_stripped_sunroot_post_3",
      "x": 90,
      "y": 180
    },
    "attached=false,facing=south,parts=4": {
      "model": "everycomp:block/vs/deep_aether/cut_stripped_sunroot_post",
      "x": 90,
      "y": 180
    },
    "attached=false,facing=up,parts=1": {
      "model": "everycomp:block/vs/deep_aether/cut_stripped_sunroot_post_1",
      "x": 0,
      "y": 0
    },
    "attached=false,facing=up,parts=2": {
      "model": "everycomp:block/vs/deep_aether/cut_stripped_sunroot_post_2",
      "x": 0,
      "y": 0
    },
    "attached=false,facing=up,parts=3": {
      "model": "everycomp:block/vs/deep_aether/cut_stripped_sunroot_post_3",
      "x": 0,
      "y": 0
    },
    "attached=false,facing=up,parts=4": {
      "model": "everycomp:block/vs/deep_aether/cut_stripped_sunroot_post",
      "x": 0,
      "y": 0
    },
    "attached=false,facing=west,parts=1": {
      "model": "everycomp:block/vs/deep_aether/cut_stripped_sunroot_post_1",
      "x": 90,
      "y": 270
    },
    "attached=false,facing=west,parts=2": {
      "model": "everycomp:block/vs/deep_aether/cut_stripped_sunroot_post_2",
      "x": 90,
      "y": 270
    },
    "attached=false,facing=west,parts=3": {
      "model": "everycomp:block/vs/deep_aether/cut_stripped_sunroot_post_3",
      "x": 90,
      "y": 270
    },
    "attached=false,facing=west,parts=4": {
      "model": "everycomp:block/vs/deep_aether/cut_stripped_sunroot_post",
      "x": 90,
      "y": 270
    },
    "attached=true,facing=down,parts=1": {
      "model": "everycomp:block/vs/deep_aether/cut_stripped_sunroot_post_1_attached",
      "x": 180,
      "y": 0
    },
    "attached=true,facing=down,parts=2": {
      "model": "everycomp:block/vs/deep_aether/cut_stripped_sunroot_post_2_attached",
      "x": 180,
      "y": 0
    },
    "attached=true,facing=down,parts=3": {
      "model": "everycomp:block/vs/deep_aether/cut_stripped_sunroot_post_3_attached",
      "x": 180,
      "y": 0
    },
    "attached=true,facing=down,parts=4": {
      "model": "everycomp:block/vs/deep_aether/cut_stripped_sunroot_post_attached",
      "x": 180,
      "y": 0
    },
    "attached=true,facing=east,parts=1": {
      "model": "everycomp:block/vs/deep_aether/cut_stripped_sunroot_post_1_attached",
      "x": 90,
      "y": 90
    },
    "attached=true,facing=east,parts=2": {
      "model": "everycomp:block/vs/deep_aether/cut_stripped_sunroot_post_2_attached",
      "x": 90,
      "y": 90
    },
    "attached=true,facing=east,parts=3": {
      "model": "everycomp:block/vs/deep_aether/cut_stripped_sunroot_post_3_attached",
      "x": 90,
      "y": 90
    },
    "attached=true,facing=east,parts=4": {
      "model": "everycomp:block/vs/deep_aether/cut_stripped_sunroot_post_attached",
      "x": 90,
      "y": 90
    },
    "attached=true,facing=north,parts=1": {
      "model": "everycomp:block/vs/deep_aether/cut_stripped_sunroot_post_1_attached",
      "x": 90,
      "y": 0
    },
    "attached=true,facing=north,parts=2": {
      "model": "everycomp:block/vs/deep_aether/cut_stripped_sunroot_post_2_attached",
      "x": 90,
      "y": 0
    },
    "attached=true,facing=north,parts=3": {
      "model": "everycomp:block/vs/deep_aether/cut_stripped_sunroot_post_3_attached",
      "x": 90,
      "y": 0
    },
    "attached=true,facing=north,parts=4": {
      "model": "everycomp:block/vs/deep_aether/cut_stripped_sunroot_post_attached",
      "x": 90,
      "y": 0
    },
    "attached=true,facing=south,parts=1": {
      "model": "everycomp:block/vs/deep_aether/cut_stripped_sunroot_post_1_attached",
      "x": 90,
      "y": 180
    },
    "attached=true,facing=south,parts=2": {
      "model": "everycomp:block/vs/deep_aether/cut_stripped_sunroot_post_2_attached",
      "x": 90,
      "y": 180
    },
    "attached=true,facing=south,parts=3": {
      "model": "everycomp:block/vs/deep_aether/cut_stripped_sunroot_post_3_attached",
      "x": 90,
      "y": 180
    },
    "attached=true,facing=south,parts=4": {
      "model": "everycomp:block/vs/deep_aether/cut_stripped_sunroot_post_attached",
      "x": 90,
      "y": 180
    },
    "attached=true,facing=up,parts=1": {
      "model": "everycomp:block/vs/deep_aether/cut_stripped_sunroot_post_1_attached",
      "x": 0,
      "y": 0
    },
    "attached=true,facing=up,parts=2": {
      "model": "everycomp:block/vs/deep_aether/cut_stripped_sunroot_post_2_attached",
      "x": 0,
      "y": 0
    },
    "attached=true,facing=up,parts=3": {
      "model": "everycomp:block/vs/deep_aether/cut_stripped_sunroot_post_3_attached",
      "x": 0,
      "y": 0
    },
    "attached=true,facing=up,parts=4": {
      "model": "everycomp:block/vs/deep_aether/cut_stripped_sunroot_post_attached",
      "x": 0,
      "y": 0
    },
    "attached=true,facing=west,parts=1": {
      "model": "everycomp:block/vs/deep_aether/cut_stripped_sunroot_post_1_attached",
      "x": 90,
      "y": 270
    },
    "attached=true,facing=west,parts=2": {
      "model": "everycomp:block/vs/deep_aether/cut_stripped_sunroot_post_2_attached",
      "x": 90,
      "y": 270
    },
    "attached=true,facing=west,parts=3": {
      "model": "everycomp:block/vs/deep_aether/cut_stripped_sunroot_post_3_attached",
      "x": 90,
      "y": 270
    },
    "attached=true,facing=west,parts=4": {
      "model": "everycomp:block/vs/deep_aether/cut_stripped_sunroot_post_attached",
      "x": 90,
      "y": 270
    }
  }
}