{
  "variants": {
    "facing=east,waterlogged=false": {
      "model": "everycomp:block/abnww/enderscape/veiled_ladder",
      "y": 90
    },
    "facing=east,waterlogged=true": {
      "model": "everycomp:block/abnww/enderscape/veiled_ladder",
      "y": 90
    },
    "facing=north,waterlogged=false": {
      "model": "everycomp:block/abnww/enderscape/veiled_ladder"
    },
    "facing=north,waterlogged=true": {
      "model": "everycomp:block/abnww/enderscape/veiled_ladder"
    },
    "facing=south,waterlogged=false": {
      "model": "everycomp:block/abnww/enderscape/veiled_ladder",
      "y": 180
    },
    "facing=south,waterlogged=true": {
      "model": "everycomp:block/abnww/enderscape/veiled_ladder",
      "y": 180
    },
    "facing=west,waterlogged=false": {
      "model": "everycomp:block/abnww/enderscape/veiled_ladder",
      "y": 270
    },
    "facing=west,waterlogged=true": {
      "model": "everycomp:block/abnww/enderscape/veiled_ladder",
      "y": 270
    }
  }
}