{
  "key": {
    "A": {
      "ingredient": {
        "item": "minecraft:oak_slab"
      },
      "block_type": "minecraft:wood_type",
      "from": "minecraft:oak",
      "to": "hexerei:witch_hazel",
      "type": "moonlight:block_type_swap"
    },
    "B": {
      "ingredient": {
        "item": "minecraft:oak_trapdoor"
      },
      "block_type": "minecraft:wood_type",
      "from": "minecraft:oak",
      "to": "hexerei:witch_hazel",
      "type": "moonlight:block_type_swap"
    }
  },
  "pattern": [
    "AAA",
    "B B",
    "AAA"
  ],
  "result": {
    "id": "everycomp:fd/hexerei/witch_hazel_cabinet",
    "count": 1
  },
  "group": "fd_cabinet",
  "category": "misc",
  "type": "minecraft:crafting_shaped"
}