{
  "key": {
    "A": {
      "ingredient": {
        "item": "create:polished_cut_andesite"
      },
      "block_type": "minecraft:stone_type",
      "from": "minecraft:andesite",
      "to": "nomansland:silt",
      "type": "moonlight:block_type_swap"
    }
  },
  "pattern": [
    "A  ",
    "AA ",
    "AAA"
  ],
  "result": {
    "id": "stonezone:c/nomansland/polished_cut_silt_stairs",
    "count": 4
  },
  "group": "polished_cut_andesite_stairs",
  "category": "building",
  "type": "minecraft:crafting_shaped"
}