{
  "key": {
    "A": {
      "ingredient": {
        "item": "minecraft:oak_planks"
      },
      "block_type": "minecraft:wood_type",
      "from": "minecraft:oak",
      "to": "hexerei:mahogany",
      "type": "moonlight:block_type_swap"
    },
    "B": {
      "ingredient": {
        "tag": "c:rods/wooden"
      },
      "block_type": "minecraft:wood_type",
      "from": "minecraft:oak",
      "to": "hexerei:mahogany",
      "type": "moonlight:block_type_swap"
    }
  },
  "pattern": [
    "AAA",
    "B B",
    "B B"
  ],
  "result": {
    "id": "everycomp:vf/hexerei/mahogany_table",
    "count": 1
  },
  "group": "valhelsia_furniture:table",
  "category": "misc",
  "type": "minecraft:crafting_shaped"
}