{
  "parent": "minecraft:block/cube",
  "textures": {
    "down": "everycomp:block/hc/enderscape/drawer/murublight/drawer_bottom",
    "east": "everycomp:block/hc/enderscape/drawer/murublight/drawer_side_left",
    "north": "everycomp:block/hc/enderscape/drawer/murublight/front_4/drawer",
    "particle": "enderscape:block/murublight_planks",
    "south": "everycomp:block/hc/enderscape/drawer/murublight/drawer_back",
    "up": "everycomp:block/hc/enderscape/drawer/murublight/drawer_top",
    "west": "everycomp:block/hc/enderscape/drawer/murublight/drawer_side_right"
  }
}