{
  "parent": "valhelsia_furniture:block/desk/template_desk_drawer_right",
  "textures": {
    "front": "everycomp:block/vf/deep_aether/desk/sunroot/front",
    "middle": "everycomp:block/vf/deep_aether/desk/sunroot/middle",
    "side": "everycomp:block/vf/deep_aether/desk/sunroot/side",
    "top": "everycomp:block/vf/deep_aether/desk/sunroot/top",
    "top_middle": "everycomp:block/vf/deep_aether/desk/sunroot/top_middle",
    "top_side": "everycomp:block/vf/deep_aether/desk/sunroot/top_side"
  }
}