{
  "key": {
    "A": {
      "ingredient": {
        "tag": "minecraft:wool"
      },
      "block_type": "minecraft:wood_type",
      "from": "minecraft:oak",
      "to": "deep_aether:sunroot",
      "type": "moonlight:block_type_swap"
    },
    "B": {
      "ingredient": {
        "tag": "handcrafted:cushions"
      },
      "block_type": "minecraft:wood_type",
      "from": "minecraft:oak",
      "to": "deep_aether:sunroot",
      "type": "moonlight:block_type_swap"
    },
    "C": {
      "ingredient": {
        "item": "minecraft:oak_planks"
      },
      "block_type": "minecraft:wood_type",
      "from": "minecraft:oak",
      "to": "deep_aether:sunroot",
      "type": "moonlight:block_type_swap"
    }
  },
  "pattern": [
    "ABA",
    "CCC"
  ],
  "result": {
    "id": "everycomp:hc/deep_aether/sunroot_couch",
    "count": 2
  },
  "category": "misc",
  "type": "minecraft:crafting_shaped"
}