{
  "key": {
    "A": {
      "ingredient": {
        "item": "minecraft:stick"
      },
      "block_type": "minecraft:wood_type",
      "from": "minecraft:spruce",
      "to": "deep_aether:yagroot",
      "type": "moonlight:block_type_swap"
    },
    "B": {
      "ingredient": {
        "item": "minecraft:spruce_planks"
      },
      "block_type": "minecraft:wood_type",
      "from": "minecraft:spruce",
      "to": "deep_aether:yagroot",
      "type": "moonlight:block_type_swap"
    }
  },
  "pattern": [
    "A A",
    "ABA",
    "A A"
  ],
  "result": {
    "id": "everycomp:abnww/deep_aether/yagroot_ladder",
    "count": 4
  },
  "group": "wooden_ladder",
  "category": "misc",
  "type": "minecraft:crafting_shaped"
}