{
  "parent": "minecraft:block/cube",
  "textures": {
    "down": "everycomp:block/hc/ars_nouveau/drawer/archwood/drawer_bottom",
    "east": "everycomp:block/hc/ars_nouveau/drawer/archwood/drawer_side_left",
    "north": "everycomp:block/hc/ars_nouveau/drawer/archwood/front_3/drawer_middle",
    "particle": "ars_nouveau:block/archwood_planks",
    "south": "everycomp:block/hc/ars_nouveau/drawer/archwood/drawer_back",
    "up": "everycomp:block/hc/ars_nouveau/drawer/archwood/drawer_top",
    "west": "everycomp:block/hc/ars_nouveau/drawer/archwood/drawer_side_right"
  }
}