{
  "key": {
    "A": {
      "ingredient": {
        "item": "minecraft:oak_planks"
      },
      "block_type": "minecraft:wood_type",
      "from": "minecraft:oak",
      "to": "nomansland:maple",
      "type": "moonlight:block_type_swap"
    },
    "B": {
      "ingredient": {
        "tag": "c:glass_blocks/colorless"
      },
      "block_type": "minecraft:wood_type",
      "from": "minecraft:oak",
      "to": "nomansland:maple",
      "type": "moonlight:block_type_swap"
    }
  },
  "pattern": [
    " A ",
    "ABA"
  ],
  "result": {
    "id": "everycomp:c/nomansland/maple_window",
    "count": 2
  },
  "category": "building",
  "type": "minecraft:crafting_shaped"
}