{
  "key": {
    "A": {
      "ingredient": {
        "item": "minecraft:oak_slab"
      },
      "block_type": "minecraft:wood_type",
      "from": "minecraft:oak",
      "to": "deep_aether:yagroot",
      "type": "moonlight:block_type_swap"
    },
    "B": {
      "ingredient": {
        "tag": "c:rods/wooden"
      },
      "block_type": "minecraft:wood_type",
      "from": "minecraft:oak",
      "to": "deep_aether:yagroot",
      "type": "moonlight:block_type_swap"
    }
  },
  "pattern": [
    "AAA",
    "B B"
  ],
  "result": {
    "id": "everycomp:vf/deep_aether/yagroot_stool",
    "count": 2
  },
  "group": "valhelsia_furniture:stool",
  "category": "misc",
  "type": "minecraft:crafting_shaped"
}