{
  "parent": "minecraft:block/cube",
  "textures": {
    "down": "everycomp:block/hc/deep_aether/cupboard/sunroot/cupboard_top",
    "east": "everycomp:block/hc/deep_aether/cupboard/sunroot/cupboard_side",
    "north": "everycomp:block/hc/deep_aether/cupboard/sunroot/cupboard_1",
    "particle": "deep_aether:block/sunroot_planks",
    "south": "everycomp:block/hc/deep_aether/cupboard/sunroot/cupboard_back",
    "up": "everycomp:block/hc/deep_aether/cupboard/sunroot/cupboard_top",
    "west": "everycomp:block/hc/deep_aether/cupboard/sunroot/cupboard_side"
  }
}