{
  "parent": "minecraft:block/cube",
  "textures": {
    "down": "everycomp:block/hc/deep_aether/drawer/yagroot/drawer_bottom",
    "east": "everycomp:block/hc/deep_aether/drawer/yagroot/drawer_side_left",
    "north": "everycomp:block/hc/deep_aether/drawer/yagroot/front_2/drawer_left",
    "particle": "deep_aether:block/yagroot_planks",
    "south": "everycomp:block/hc/deep_aether/drawer/yagroot/drawer_back",
    "up": "everycomp:block/hc/deep_aether/drawer/yagroot/drawer_top",
    "west": "everycomp:block/hc/deep_aether/drawer/yagroot/drawer_side_right"
  }
}