{
  "key": {
    "A": {
      "ingredient": {
        "item": "create:small_andesite_bricks"
      },
      "block_type": "minecraft:stone_type",
      "from": "minecraft:andesite",
      "to": "deep_aether:clorite",
      "type": "moonlight:block_type_swap"
    }
  },
  "pattern": [
    "AAA"
  ],
  "result": {
    "id": "stonezone:c/deep_aether/small_clorite_brick_slab",
    "count": 6
  },
  "group": "small_andesite_brick_slab",
  "category": "building",
  "type": "minecraft:crafting_shaped"
}